{
    "40369 317": 0.1050976841423423,
    "40370 317": 0.009952483344328704,
    "40372 317": 0.1428664425471495,
    "40373 317": 0.8200241258424522,
    "46272 317": 0.18489301203446665,
    "96212 317": 0.4939104158162944,
    "40369 355": 0.8768508098092066,
    "40370 355": 0.6083728722967525,
    "40372 355": 0.5356688665089268,
    "40373 355": 0.5636909758519867,
    "46272 355": 0.8074737346255704,
    "96212 355": 0.7335871567410123,
    "40369 380": 0.04111622143484803,
    "40370 380": 0.6182157541165963,
    "40372 380": 0.25934262591349877,
    "40373 380": 0.4020158974154573,
    "46272 380": 0.5402749599594586,
    "96212 380": 0.3526072723571065,
    "40369 425": 0.4055885379383142,
    "40370 425": 0.5877742571408718,
    "40372 425": 0.19659968017358703,
    "40373 425": 0.5277297068770309,
    "46272 425": 0.6177362953635415,
    "96212 425": 0.1006385028068957,
    "40369 453": 0.2978978757818574,
    "40370 453": 0.03403470697986609,
    "40372 453": 0.4028046670353739,
    "40373 453": 0.7206947340327274,
    "46272 453": 1.0011898202881027,
    "96212 453": 0.710427858819756,
    "40369 504": 0.0,
    "40370 504": 0.02969351632541747,
    "40372 504": 0.06947201875529004,
    "40373 504": 0.04775319761164955,
    "46272 504": 0.0336476994187521,
    "96212 504": 0.042389795172734036,
    "40369 517": 0.1806067299296643,
    "40370 517": 0.6411674232609083,
    "40372 517": 0.5604375325004504,
    "40373 517": 0.5732471296969891,
    "46272 517": 0.0013085381830656513,
    "96212 517": 0.13333333332012837,
    "40369 525": 0.2147765773211652,
    "40370 525": 0.5397994568185729,
    "40372 525": 0.015614231505961303,
    "40373 525": 0.1741432761138871,
    "46272 525": 0.5727994483400077,
    "96212 525": 0.7182420521047281,
    "40369 535": 0.8111607304199498,
    "40370 535": 0.8405241460244883,
    "40372 535": 0.27610727537080765,
    "40373 535": 0.2223774143685141,
    "46272 535": 0.7362050846967048,
    "96212 535": 0.7256957200093322,
    "40369 555": 0.002550282975351354,
    "40370 555": 0.4299971419556536,
    "40372 555": 0.7588752499583353,
    "40373 555": 0.26111240351876297,
    "46272 555": 0.25304815659242624,
    "96212 555": 0.5063746868492918,
    "40369 557": 0.3235591515720882,
    "40370 557": 0.6148087129025087,
    "40372 557": 0.638694809870403,
    "40373 557": 0.133296254516151,
    "46272 557": 0.737244050517776,
    "96212 557": 0.13957554410377926,
    "40369 562": 0.006096240626697321,
    "40370 562": 0.03463109711776103,
    "40372 562": 0.07163821817677235,
    "40373 562": 0.6611653150651894,
    "46272 562": 0.8134655579049636,
    "96212 562": 0.5836148100056856,
    "40369 637": 0.7534740600383661,
    "40370 637": 0.5767814502994317,
    "40372 637": 0.21447823757764795,
    "40373 637": 0.00112820335902367,
    "46272 637": 0.7878737488034313,
    "96212 637": 0.5572263198919637,
    "40369 644": 0.09327720119489792,
    "40370 644": 0.23471715582975883,
    "40372 644": 0.02706456698986402,
    "40373 644": 0.4015049550648783,
    "46272 644": 0.22919043432837458,
    "96212 644": 0.15811456190880427,
    "40369 657": 0.1509904259988781,
    "40370 657": 0.11193473266210614,
    "40372 657": 0.583324473783096,
    "40373 657": 0.4395694239867024,
    "46272 657": 0.6630021637680721,
    "96212 657": 0.5285120217865674,
    "40369 764": 0.06368979985034562,
    "40370 764": 0.12000737942249606,
    "40372 764": 0.0821282941950655,
    "40373 764": 0.05057078885868512,
    "46272 764": 0.5179286076993325,
    "96212 764": 0.2839756959815844,
    "40369 798": 0.3193492363330732,
    "40370 798": 0.05102407310247248,
    "40372 798": 0.08179473384468045,
    "40373 798": 0.019054522018278293,
    "46272 798": 0.7938224232631607,
    "96212 798": 0.8516073200952854,
    "40369 862": 0.330242352423843,
    "40370 862": 0.1716325375669531,
    "40372 862": 0.6711835992894823,
    "40373 862": 0.45661443288554715,
    "46272 862": 0.7245104436722622,
    "96212 862": 0.583904170091902,
    "40369 866": 0.01002028763565903,
    "40370 866": 0.058497381189434615,
    "40372 866": 0.07978719644815688,
    "40373 866": 0.13227183162835443,
    "46272 866": 0.5986599271991009,
    "96212 866": 0.05506843032124704,
    "40369 874": 0.005296297732851822,
    "40370 874": 0.021204345258084543,
    "40372 874": 0.39998753649941227,
    "40373 874": 0.6045177583207748,
    "46272 874": 0.9381328218521964,
    "96212 874": 0.701895680789908,
    "40369 1034": 0.2321166582876013,
    "40370 1034": 0.6249667333470582,
    "40372 1034": 0.0878940513233666,
    "40373 1034": 0.4485742254312641,
    "46272 1034": 0.5533070077653974,
    "96212 1034": 0.3332794348718313,
    "40369 1079": 0.008799149084575693,
    "40370 1079": 0.7331071116497386,
    "40372 1079": 0.6204909143833881,
    "40373 1079": 0.10245779988787827,
    "46272 1079": 0.5841155275276299,
    "96212 1079": 0.11025389317315434,
    "40369 1143": 0.012866006034857975,
    "40370 1143": 0.07596266770292415,
    "40372 1143": 0.039974575591306065,
    "40373 1143": 0.19245844698248352,
    "46272 1143": 0.5539481994687167,
    "96212 1143": 0.6766276750199158,
    "40369 1162": 0.014039055363392887,
    "40370 1162": 0.45645830508303525,
    "40372 1162": 0.21706308672498562,
    "40373 1162": 0.06982275883663577,
    "46272 1162": 0.8555686542488748,
    "96212 1162": 0.1515103460335265,
    "40369 1173": 0.059938553055280765,
    "40370 1173": 0.17134405406826939,
    "40372 1173": 0.0845579796104206,
    "40373 1173": 0.33120209798995154,
    "46272 1173": 0.6991715167875945,
    "96212 1173": 0.666666666666667,
    "40369 1185": 0.009045195778912104,
    "40370 1185": 0.6601738394490714,
    "40372 1185": 0.04312761724280973,
    "40373 1185": 0.8514878834590263,
    "46272 1185": 0.6665930711512975,
    "96212 1185": 0.6161204059642488,
    "40369 1191": 0.9646150130116192,
    "40370 1191": 0.2085063399603257,
    "40372 1191": 0.24915552157234486,
    "40373 1191": 0.21523931073444452,
    "46272 1191": 0.8831454627219625,
    "96212 1191": 0.0,
    "40369 1203": 0.7066407517647905,
    "40370 1203": 0.636184077729297,
    "40372 1203": 0.025646800057539307,
    "40373 1203": 0.5568143725348018,
    "46272 1203": 0.9195179712799961,
    "96212 1203": 0.5347204855523569,
    "40369 1281": 0.08310239596454817,
    "40370 1281": 0.005836218646867149,
    "40372 1281": 0.5163732167782971,
    "40373 1281": 0.046668438165860415,
    "46272 1281": 0.635722013578029,
    "96212 1281": 0.04972809483901338,
    "40369 1316": 0.43568450396300973,
    "40370 1316": 0.47040293128709293,
    "40373 1316": 0.4021515089825956,
    "46272 1316": 0.40227952758164776,
    "96212 1316": 0.17910029583040424,
    "40372 1316": 0.2800702125572769,
    "40369 1326": 0.662271434126874,
    "40370 1326": 0.07419943844861963,
    "40372 1326": 0.6310690396227219,
    "40373 1326": 0.6053727341557289,
    "46272 1326": 0.780217547874692,
    "96212 1326": 0.2451575132018051,
    "40369 1328": 0.14904837518303554,
    "40370 1328": 0.1497379202210938,
    "40372 1328": 0.29023562103058737,
    "40373 1328": 0.3199548530918069,
    "46272 1328": 0.17747379355817014,
    "96212 1328": 0.33437246686557986,
    "40369 1347": 0.7602132225869623,
    "40370 1347": 0.13854852552509814,
    "40372 1347": 0.49524635315392357,
    "40373 1347": 0.39987664339260265,
    "46272 1347": 0.6361583393096775,
    "96212 1347": 0.6417742829988249,
    "40369 1363": 0.6526784531766665,
    "40370 1363": 0.4516859601030221,
    "40372 1363": 0.2849171869627205,
    "40373 1363": 0.13821133161440027,
    "46272 1363": 0.5622623429570376,
    "96212 1363": 0.28953595392526554,
    "40369 1380": 0.1922674435990249,
    "40370 1380": 0.06692273232853194,